name,description,industry,location,funding_stage,funding_goal,founded_year,team_size,website,logo_url,pitch_deck_url,business_model,target_market,competitors,id,founder_id,team_members,funding,metrics,social_media,contact,traction,use_of_funds,timeline
TechTrend1,AI-powered analytics platform,TECHNOLOGY,"San Francisco, CA",SEED,1000000,2020,10,https://techtrend1.com,https://techtrend1.com/logo.png,https://techtrend1.com/pitch.pdf,Subscription,SMBs,Tableau,a1b2c3d4-e5f6-7890-abcd-ef1234567890,6a7b8c9d-0e1f-4234-89ab-cdef12345678,"[{""name"": ""John Doe"", ""role"": ""CTO""}, {""name"": ""Sarah Wilson"", ""role"": ""CMO""}]","[{""amount"": 500000, ""stage"": ""PRE_SEED"", ""date"": ""2020-06""}, {""amount"": 1000000, ""stage"": ""SEED"", ""date"": ""2021-08""}]","{""mrr"": 50000, ""users"": 1000, ""churn_rate"": 0.05}","{""twitter"": ""@techtrend1"", ""linkedin"": ""techtrend1"", ""facebook"": ""techtrend1""}","{""email"": ""contact@techtrend1.com"", ""phone"": ""+1-415-555-0101""}","{""customers"": 100, ""growth"": ""20% MoM"", ""revenue_growth"": ""15% QoQ""}","{""product"": 0.6, ""marketing"": 0.3, ""operations"": 0.1}","{""launch"": ""2020-01"", ""series_a"": ""2022-06"", ""mvp"": ""2019-12""}"
HealthBoost,Personalized nutrition app,HEALTHCARE,"New York, NY",SERIES_A,2500000,2019,15,https://healthboost.com,https://healthboost.com/logo.png,https://healthboost.com/pitch.pdf,Subscription,Health-conscious individuals,MyFitnessPal,c2d3e4f5-g6h7-8901-bcde-f12345678902,7b8c9d0e-1f23-4567-89ab-cdef12345679,"[{""name"": ""Alice Wonderland"", ""role"": ""CEO""}, {""name"": ""Bob The Builder"", ""role"": ""Head of Nutrition""}]","[{""amount"": 1000000, ""stage"": ""SEED"", ""date"": ""2020-01""}, {""amount"": 2500000, ""stage"": ""SERIES_A"", ""date"": ""2022-03""}]","{""active_users"": 50000, ""retention_rate"": 0.65, ""avg_session"": ""15min""}","{""instagram"": ""@healthboostapp"", ""facebook"": ""healthboost""}","{""email"": ""support@healthboost.com"", ""phone"": ""+1-212-555-0103""}","{""user_growth"": ""30% MoM"", ""premium_subscriptions"": 5000}","{""app_development"": 0.5, ""marketing"": 0.3, ""content_creation"": 0.2}","{""launch"": ""2019-07"", ""series_b_target"": ""2023-12"", ""feature_update"": ""2022-09""}"
FinSecure,Robo-advisory platform,FINANCE,"London, UK",SERIES_B,5000000,2017,25,https://finsecure.com,https://finsecure.com/logo.png,https://finsecure.com/pitch.pdf,Asset Management Fee,Retail Investors,Betterment,d3e4f5g6-h7i8-9012-cdef-012345678903,8c9d0e1f-2345-6789-01ab-cdef12345670,"[{""name"": ""Charlie Brown"", ""role"": ""CEO""}, {""name"": ""Diana Prince"", ""role"": ""CIO""}]","[{""amount"": 2000000, ""stage"": ""SERIES_A"", ""date"": ""2019-05""}, {""amount"": 5000000, ""stage"": ""SERIES_B"", ""date"": ""2021-11""}]","{""aum"": 200000000, ""client_growth"": ""15% YoY"", ""portfolio_performance"": ""8% avg""}","{""linkedin"": ""finsecure"", ""twitter"": ""@finsecureUK""}","{""email"": ""clients@finsecure.com"", ""phone"": ""+44-20-7946-0104""}","{""new_clients"": 1500, ""platform_engagement"": ""weekly""}","{""technology"": 0.4, ""compliance"": 0.3, ""marketing"": 0.3}","{""product_v2"": ""2018-01"", ""series_c_goal"": ""2024-06"", ""uk_expansion"": ""2020-03""}"
LearnSphere,Online course marketplace,EDUCATION,"Toronto, CA",SEED,800000,2021,8,https://learnsphere.com,https://learnsphere.com/logo.png,https://learnsphere.com/pitch.pdf,Commission,Lifelong Learners,Udemy,e4f5g6h7-i8j9-0123-def0-123456789014,9d0e1f23-4567-8901-23ab-cdef12345671,"[{""name"": ""Eva Green"", ""role"": ""CEO""}, {""name"": ""Frank Castle"", ""role"": ""Head of Content""}]","[{""amount"": 800000, ""stage"": ""SEED"", ""date"": ""2022-02""}]","{""courses_available"": 1200, ""student_enrollments"": 30000, ""instructor_payouts"": ""$500k""}","{""youtube"": ""learnsphereTV"", ""blog"": ""learnsphere.com/blog""}","{""email"": ""info@learnsphere.com"", ""phone"": ""+1-416-555-0105""}","{""monthly_active_users"": 10000, ""course_completion_rate"": ""40%""}","{""platform_development"": 0.5, ""instructor_acquisition"": 0.3, ""student_marketing"": 0.2}","{""beta_launch"": ""2021-06"", ""series_a_target"": ""2023-10"", ""mobile_app"": ""2022-08""}"
StyleHub,AI-powered fashion discovery,RETAIL,"Paris, FR",PRE_SEED,300000,2022,5,https://stylehub.fr,https://stylehub.fr/logo.png,https://stylehub.fr/pitch.pdf,Affiliate Marketing,Fashion Enthusiasts,Lyst,f5g6h7i8-j9k0-1234-ef01-234567890125,0e1f2345-6789-0123-45ab-cdef12345672,"[{""name"": ""Grace Kelly"", ""role"": ""CEO""}, {""name"": ""Harry Potter"", ""role"": ""Lead AI Dev""}]","[{""amount"": 300000, ""stage"": ""PRE_SEED"", ""date"": ""2023-01""}]","{""user_signups"": 5000, ""recommendation_ctr"": ""12%"", ""partner_brands"": 50}","{""instagram"": ""@stylehubFR"", ""pinterest"": ""stylehub""}","{""email"": ""bonjour@stylehub.fr"", ""phone"": ""+33-1-555-0106""}","{""daily_active_users"": 1000, ""conversion_to_partner"": ""5%""}","{""ai_development"": 0.6, ""brand_partnerships"": 0.2, ""user_acquisition"": 0.2}","{""alpha_release"": ""2022-09"", ""seed_funding_goal"": ""2024-01"", ""app_launch"": ""2023-06""}"
AutoForge,Robotics for small manufacturers,MANUFACTURING,"Detroit, MI",SERIES_A,3000000,2018,20,https://autoforge.com,https://autoforge.com/logo.png,https://autoforge.com/pitch.pdf,Hardware Sales & Service,SMEs in Manufacturing,Universal Robots,g6h7i8j9-k0l1-2345-f012-345678901236,1f234567-8901-2345-67ab-cdef12345673,"[{""name"": ""Ivan Drago"", ""role"": ""CEO""}, {""name"": ""John Connor"", ""role"": ""CTO""}]","[{""amount"": 1500000, ""stage"": ""SEED"", ""date"": ""2019-10""}, {""amount"": 3000000, ""stage"": ""SERIES_A"", ""date"": ""2022-05""}]","{""robots_deployed"": 150, ""client_roi"": ""18 months"", ""uptime_guarantee"": ""99.5%""}","{""linkedin"": ""autoforge-robotics"", ""youtube"": ""AutoForgeRobotics""}","{""email"": ""sales@autoforge.com"", ""phone"": ""+1-313-555-0107""}","{""new_installations_quarterly"": 20, ""service_contract_ renewals"": ""85%""}","{""r&d_robotics"": 0.5, ""manufacturing_scaling"": 0.3, ""sales_support"": 0.2}","{""gen1_robot"": ""2018-12"", ""series_b_target"": ""2024-03"", ""factory_expansion"": ""2023-01""}"
ConnectSphere,Niche social networking platform,OTHER,"Austin, TX",SEED,750000,2020,12,https://connectsphere.io,https://connectsphere.io/logo.png,https://connectsphere.io/pitch.pdf,Freemium with Ads,Hobbyist Communities,Meetup,h7i8j9k0-l1m2-3456-0123-456789012347,23456789-0123-4567-89ab-cdef12345674,"[{""name"": ""Laura Palmer"", ""role"": ""CEO""}, {""name"": ""Kevin Flynn"", ""role"": ""Lead Developer""}]","[{""amount"": 750000, ""stage"": ""SEED"", ""date"": ""2021-08""}]","{""active_communities"": 500, ""monthly_users"": 25000, ""ad_impressions_monthly"": ""2M""}","{""twitter"": ""@connectsphere"", ""reddit"": ""r/ConnectSphereApp""}","{""email"": ""community@connectsphere.io"", ""phone"": ""+1-512-555-0108""}","{""new_community_growth"": ""10% MoM"", ""user_engagement_DAU/MAU"": ""0.3""}","{""platform_features"": 0.6, ""community_moderation"": 0.2, ""marketing_outreach"": 0.2}","{""public_beta"": ""2020-11"", ""series_a_goal"": ""2023-09"", ""monetization_v2"": ""2022-07""}"
AgriTechGlobal,Precision agriculture solutions,TECHNOLOGY,"Des Moines, IA",SERIES_B,10000000,2016,50,https://agritechglobal.com,https://agritechglobal.com/logo.png,https://agritechglobal.com/pitch.pdf,SaaS & Hardware,Large Scale Farms,John Deere,i8j9k0l1-m2n3-4567-1234-567890123458,34567890-1234-5678-90ab-cdef12345675,"[{""name"": ""Max Rockatansky"", ""role"": ""CEO""}, {""name"": ""Neo Anderson"", ""role"": ""Chief Data Scientist""}]","[{""amount"": 4000000, ""stage"": ""SERIES_A"", ""date"": ""2018-06""}, {""amount"": 10000000, ""stage"": ""SERIES_B"", ""date"": ""2021-12""}]","{""acres_managed"": ""1M"", ""yield_increase_avg"": ""15%"", ""data_points_daily"": ""100M""}","{""linkedin"": ""agritech-global"", ""twitter"": ""@AgriTechGlobal""}","{""email"": ""solutions@agritechglobal.com"", ""phone"": ""+1-515-555-0109""}","{""new_farm_contracts"": 50, ""data_analytics_subscriptions"": 200}","{""r&d_sensors"": 0.4, ""software_platform"": 0.3, ""global_sales"": 0.3}","{""iot_sensor_v3"": ""2017-05"", ""ipo_readiness"": ""2025-01"", ""south_america_expansion"": ""2022-09""}"
ElderCareConnect,Home healthcare coordination,HEALTHCARE,"Phoenix, AZ",SEED,1200000,2021,10,https://eldercareconnect.com,https://eldercareconnect.com/logo.png,https://eldercareconnect.com/pitch.pdf,Subscription for Agencies,Home Health Agencies,Care.com,j9k0l1m2-n3o4-5678-2345-678901234569,45678901-2345-6789-01ab-cdef12345676,"[{""name"": ""Obi-Wan Kenobi"", ""role"": ""CEO""}, {""name"": ""Padmé Amidala"", ""role"": ""Head of Operations""}]","[{""amount"": 1200000, ""stage"": ""SEED"", ""date"": ""2022-08""}]","{""agencies_onboarded"": 75, ""patient_schedules_managed"": 5000, ""caregiver_matching_success"": ""90%""}","{""facebook"": ""ElderCareConnectUS"", ""linkedin"": ""eldercareconnect""}","{""email"": ""partner@eldercareconnect.com"", ""phone"": ""+1-602-555-0110""}","{""agency_growth_rate"": ""20% QoQ"", ""care_hours_coordinated"": ""100k monthly""}","{""platform_development"": 0.5, ""agency_outreach"": 0.3, ""support_team"": 0.2}","{""mvp_launch"": ""2021-12"", ""series_a_target"": ""2024-04"", ""telehealth_integration"": ""2023-07""}"
TradeFlow,Global trade finance network,FINANCE,"Singapore",SERIES_A,4000000,2019,30,https://tradeflow.sg,https://tradeflow.sg/logo.png,https://tradeflow.sg/pitch.pdf,Transaction Fees & SaaS,Exporters & Importers,Ripple,k0l1m2n3-o4p5-6789-3456-789012345670,56789012-3456-7890-12ab-cdef12345677,"[{""name"": ""Peter Pan"", ""role"": ""CEO""}, {""name"": ""Quentin Tarantino"", ""role"": ""Head of Blockchain""}]","[{""amount"": 1500000, ""stage"": ""SEED"", ""date"": ""2020-07""}, {""amount"": 4000000, ""stage"": ""SERIES_A"", ""date"": ""2022-11""}]","{""trade_volume_facilitated"": ""$500M"", ""network_participants"": 200, ""settlement_time_avg"": ""2 days""}","{""linkedin"": ""tradeflow-network"", ""twitter"": ""@TradeFlowSG""}","{""email"": ""connect@tradeflow.sg"", ""phone"": ""+65-6555-0111""}","{""new_participant_onboarding"": ""15 monthly"", ""transaction_growth"": ""25% QoQ""}","{""blockchain_development"": 0.4, ""global_partnerships"": 0.35, ""regulatory_compliance"": 0.25}","{""platform_live"": ""2019-10"", ""series_b_plan"": ""2024-08"", ""asia_focus_expansion"": ""2023-03""}"
SkillUpKids,Interactive K-12 learning games,EDUCATION,"Dublin, IE",PRE_SEED,500000,2022,6,https://skillupkids.ie,https://skillupkids.ie/logo.png,https://skillupkids.ie/pitch.pdf,Freemium with In-App Purchases,Parents & Schools,ABCmouse,l1m2n3o4-p5q6-7890-4567-890123456711,67890123-4567-8901-23ab-cdef12345678,"[{""name"": ""Rocky Balboa"", ""role"": ""CEO""}, {""name"": ""Sarah Connor"", ""role"": ""Lead Game Designer""}]","[{""amount"": 500000, ""stage"": ""PRE_SEED"", ""date"": ""2023-03""}]","{""active_learners"": 15000, ""games_played_daily"": ""50k"", ""parent_satisfaction"": ""4.8/5""}","{""tiktok"": ""@skillupkids"", ""youtube"": ""SkillUpKidsChannel""}","{""email"": ""learn@skillupkids.ie"", ""phone"": ""+353-1-555-0112""}","{""downloads_growth"": ""40% MoM"", ""premium_conversion"": ""8%""}","{""game_development"": 0.6, ""curriculum_alignment"": 0.2, ""marketing_schools"": 0.2}","{""soft_launch"": ""2022-11"", ""seed_round_next"": ""2024-02"", ""new_subject_modules"": ""2023-09""}"
RetailNextGen,In-store analytics platform,RETAIL,"Chicago, IL",SERIES_A,3500000,2019,22,https://retailnextgen.com,https://retailnextgen.com/logo.png,https://retailnextgen.com/pitch.pdf,SaaS,Brick-and-Mortar Retailers,ShopperTrak,m2n3o4p5-q6r7-8901-5678-901234567822,78901234-5678-8901-34ab-cdef12345679,"[{""name"": ""Tony Stark"", ""role"": ""CEO""}, {""name"": ""Pepper Potts"", ""role"": ""COO""}]","[{""amount"": 1000000, ""stage"": ""SEED"", ""date"": ""2020-04""}, {""amount"": 3500000, ""stage"": ""SERIES_A"", ""date"": ""2022-09""}]","{""stores_connected"": 500, ""data_accuracy"": ""95%"", ""insights_provided"": ""weekly reports""}","{""linkedin"": ""retailnextgen"", ""twitter"": ""@RetailNxtGen""}","{""email"": ""info@retailnextgen.com"", ""phone"": ""+1-312-555-0113""}","{""store_onboarding_rate"": ""30 per month"", ""client_retention"": ""92%""}","{""sensor_technology"": 0.4, ""analytics_platform"": 0.4, ""customer_success"": 0.2}","{""pilot_program"": ""2019-11"", ""series_b_target"": ""2024-05"", ""international_expansion"": ""2023-10""}"
FabWidget,3D printing services for prototypes,MANUFACTURING,"Berlin, DE",SEED,600000,2021,7,https://fabwidget.de,https://fabwidget.de/logo.png,https://fabwidget.de/pitch.pdf,Service Bureau,Engineers & Designers,Shapeways,n3o4p5q6-r7s8-9012-6789-012345678933,89012345-6789-0123-45ab-cdef12345670,"[{""name"": ""Bruce Wayne"", ""role"": ""CEO""}, {""name"": ""Lucius Fox"", ""role"": ""Head of R&D""}]","[{""amount"": 600000, ""stage"": ""SEED"", ""date"": ""2022-01""}]","{""prototypes_printed"": 2000, ""turnaround_time_avg"": ""48 hours"", ""material_options"": 20}","{""instagram"": ""@fabwidget"", ""linkedin"": ""fabwidget""}","{""email"": ""print@fabwidget.de"", ""phone"": ""+49-30-555-0114""}","{""new_clients_monthly"": 50, ""repeat_business_rate"": ""60%""}","{""printer_acquisition"": 0.5, ""material_sourcing"": 0.3, ""online_platform"": 0.2}","{""website_launch"": ""2021-07"", ""series_a_funding"": ""2023-11"", ""new_materials_R&D"": ""2022-06""}"
PetConnect,Social platform for pet owners,OTHER,"Los Angeles, CA",PRE_SEED,400000,2023,4,https://petconnect.app,https://petconnect.app/logo.png,https://petconnect.app/pitch.pdf,Premium Features & Ads,Pet Owners,Rover,o4p5q6r7-s8t9-0123-7890-123456789044,90123456-7890-1234-56ab-cdef12345671,"[{""name"": ""Clark Kent"", ""role"": ""CEO""}, {""name"": ""Lois Lane"", ""role"": ""Community Manager""}]","[{""amount"": 400000, ""stage"": ""PRE_SEED"", ""date"": ""2023-05""}]","{""registered_users"": 10000, ""daily_active_pets"": 2000, ""user_posts_per_day"": 5000}","{""tiktok"": ""@petconnectapp"", ""instagram"": ""@petconnect.app""}","{""email"": ""woof@petconnect.app"", ""phone"": ""+1-213-555-0115""}","{""user_acquisition_cost"": ""$2"", ""organic_growth_rate"": ""50% MoM""}","{""app_development"": 0.7, ""marketing"": 0.2, ""community_support"": 0.1}","{""beta_ios"": ""2023-02"", ""android_launch_target"": ""2023-09"", ""seed_funding_goal"": ""2024-03""}"
QuantumLeap,Quantum computing research,TECHNOLOGY,"Cambridge, MA",SERIES_C,50000000,2015,100,https://quantumleap.tech,https://quantumleap.tech/logo.png,https://quantumleap.tech/pitch.pdf,IP Licensing & Grants,Research Institutions,IBM Quantum,p5q6r7s8-t9u0-1234-8901-234567890155,01234567-8901-2345-67ab-cdef12345672,"[{""name"": ""Dr. Strange"", ""role"": ""Chief Scientist""}, {""name"": ""Wong"", ""role"": ""Lab Director""}]","[{""amount"": 10000000, ""stage"": ""SERIES_B"", ""date"": ""2019-03""}, {""amount"": 50000000, ""stage"": ""SERIES_C"", ""date"": ""2022-10""}]","{""qubit_stability_hours"": 100, ""patents_filed"": 50, ""research_papers_published"": 120}","{""linkedin"": ""quantumleap-research"", ""twitter"": ""@QuantumLeapSci""}","{""email"": ""research@quantumleap.tech"", ""phone"": ""+1-617-555-0116""}","{""new_research_collaborations"": 5, ""breakthroughs_per_year"": 2}","{""r&d_hardware"": 0.6, ""r&d_software_algorithms"": 0.3, ""operations_labs"": 0.1}","{""10_qubit_prototype"": ""2017-08"", ""potential_ipo"": ""2026"", ""commercial_application_focus"": ""2024""}"
WellnessAI,AI for mental well-being,HEALTHCARE,"Seattle, WA",SERIES_A,4500000,2020,30,https://wellnessai.io,https://wellnessai.io/logo.png,https://wellnessai.io/pitch.pdf,B2B SaaS,Corporate Wellness Programs,Headspace for Work,q6r7s8t9-u0v1-2345-9012-345678901266,12345678-9012-3456-78ab-cdef12345673,"[{""name"": ""Diana Prince"", ""role"": ""CEO""}, {""name"": ""Steve Trevor"", ""role"": ""Head of AI Ethics""}]","[{""amount"": 1500000, ""stage"": ""SEED"", ""date"": ""2021-05""}, {""amount"": 4500000, ""stage"": ""SERIES_A"", ""date"": ""2023-02""}]","{""corporate_clients"": 100, ""employee_engagement_rate"": ""70%"", ""stress_reduction_reported"": ""30%""}","{""linkedin"": ""wellnessai"", ""blog"": ""wellnessai.io/insights""}","{""email"": ""partner@wellnessai.io"", ""phone"": ""+1-206-555-0117""}","{""new_corporate_signups_monthly"": 10, ""user_feedback_score"": ""4.7/5""}","{""ai_model_development"": 0.5, ""b2b_sales_marketing"": 0.3, ""clinical_validation"": 0.2}","{""beta_program_launch"": ""2020-12"", ""series_b_fundraising_starts"": ""2024-08"", ""international_clients_target"": ""2025""}"
FinPal,Budgeting app for Gen Z,FINANCE,"Austin, TX",SEED,1000000,2022,12,https://finpal.app,https://finpal.app/logo.png,https://finpal.app/pitch.pdf,Freemium & Cashback,Gen Z Users,Mint,r7s8t9u0-v1w2-3456-0123-456789012377,23456789-0123-4567-89ab-cdef12345674,"[{""name"": ""Peter Parker"", ""role"": ""CEO""}, {""name"": ""Mary Jane Watson"", ""role"": ""Head of Growth""}]","[{""amount"": 1000000, ""stage"": ""SEED"", ""date"": ""2023-04""}]","{""downloads"": 100000, ""mau"": 25000, ""premium_conversion_rate"": ""5%""}","{""tiktok"": ""@finpal.app"", ""instagram"": ""@finpal""}","{""email"": ""hello@finpal.app"", ""phone"": ""+1-512-555-0118""}","{""organic_downloads_daily"": 500, ""user_referral_rate"": ""15%""}","{""app_development"": 0.6, ""influencer_marketing"": 0.25, ""partnerships_financial_edu"": 0.15}","{""beta_launch_uni_campuses"": ""2022-09"", ""official_launch"": ""2023-01"", ""series_a_target_q4_2024"": """"}"
EduVerse,VR for higher education,EDUCATION,"Boston, MA",SERIES_A,3000000,2019,28,https://eduverse.pro,https://eduverse.pro/logo.png,https://eduverse.pro/pitch.pdf,Licensing to Universities,Universities & Colleges,Labster,s8t9u0v1-w2x3-4567-1234-567890123488,34567890-1234-5678-90ab-cdef12345675,"[{""name"": ""Professor X"", ""role"": ""CEO""}, {""name"": ""Jean Grey"", ""role"": ""Head of VR Content""}]","[{""amount"": 1000000, ""stage"": ""SEED"", ""date"": ""2020-11""}, {""amount"": 3000000, ""stage"": ""SERIES_A"", ""date"": ""2022-08""}]","{""universities_partnered"": 30, ""vr_modules_available"": 50, ""student_engagement_increase"": ""40%""}","{""linkedin"": ""eduverse-vr"", ""youtube"": ""EduVerseProChannel""}","{""email"": ""partnerships@eduverse.pro"", ""phone"": ""+1-617-555-0119""}","{""new_university_pilots_semester"": 5, ""module_usage_hours"": ""10k monthly""}","{""vr_content_development"": 0.5, ""university_sales_onboarding"": 0.3, ""hardware_agnostic_platform"": 0.2}","{""initial_module_release"": ""2020-03"", ""series_b_fundraising"": ""2024-07"", ""global_university_partnerships"": ""2025""}"
ChronoCart,Same-day grocery delivery,RETAIL,"Miami, FL",GROWTH,15000000,2018,150,https://chronocart.com,https://chronocart.com/logo.png,https://chronocart.com/pitch.pdf,Delivery Fee & Markups,Urban Consumers,Instacart,t9u0v1w2-x3y4-5678-2345-678901234599,45678901-2345-6789-01ab-cdef12345676,"[{""name"": ""Barry Allen"", ""role"": ""CEO""}, {""name"": ""Iris West"", ""role"": ""Head of Logistics""}]","[{""amount"": 5000000, ""stage"": ""SERIES_A"", ""date"": ""2020-02""}, {""amount"": 15000000, ""stage"": ""GROWTH"", ""date"": ""2022-12""}]","{""daily_orders"": 10000, ""avg_order_value"": ""$75"", ""delivery_time_avg"": ""45 mins""}","{""instagram"": ""@chronocart"", ""facebook"": ""ChronoCartDelivery""}","{""email"": ""support@chronocart.com"", ""phone"": ""+1-305-555-0120""}","{""new_city_launches_quarterly"": 2, ""customer_repeat_rate"": ""70%""}","{""logistics_technology"": 0.4, ""market_expansion"": 0.35, ""shopper_network_management"": 0.25}","{""miami_launch"": ""2018-09"", ""national_rollout_goal"": ""2025"", ""profitability_target_q4_2024"": """"}"
RoboWeld,Automated welding for construction,MANUFACTURING,"Houston, TX",SERIES_A,5000000,2019,40,https://roboweld.tech,https://roboweld.tech/logo.png,https://roboweld.tech/pitch.pdf,Equipment Lease & Service,Large Construction Firms,Built Robotics,u0v1w2x3-y4z5-6789-3456-789012345600,56789012-3456-7890-12ab-cdef12345677,"[{""name"": ""Ellen Ripley"", ""role"": ""CEO""}, {""name"": ""Bishop"", ""role"": ""Chief Robotics Engineer""}]","[{""amount"": 2000000, ""stage"": ""SEED"", ""date"": ""2020-09""}, {""amount"": 5000000, ""stage"": ""SERIES_A"", ""date"": ""2023-01""}]","{""robots_on_site"": 50, ""welding_speed_increase"": ""3x"", ""project_cost_savings"": ""15%""}","{""linkedin"": ""roboweld-tech"", ""youtube"": ""RoboWeldConstruction""}","{""email"": ""build@roboweld.tech"", ""phone"": ""+1-713-555-0121""}","{""new_construction_partnerships"": 5, ""robot_utilization_rate"": ""80%""}","{""robotics_r&d"": 0.6, ""field_deployment_support"": 0.25, ""sales_b2b"": 0.15}","{""field_prototype_tests"": ""2019-12"", ""commercial_launch_v1"": ""2021-06"", ""series_b_planning"": ""2024-09""}"
ArtisanHub,Marketplace for handmade goods,OTHER,"Portland, OR",SEED,700000,2021,9,https://artisanhub.com,https://artisanhub.com/logo.png,https://artisanhub.com/pitch.pdf,Commission on Sales,Artisans & Crafters,Etsy,v1w2x3y4-z5a6-7890-4567-890123456711,67890123-4567-8901-23ab-cdef12345678,"[{""name"": ""Walter White"", ""role"": ""CEO""}, {""name"": ""Jesse Pinkman"", ""role"": ""Vendor Relations""}]","[{""amount"": 700000, ""stage"": ""SEED"", ""date"": ""2022-07""}]","{""active_sellers"": 1500, ""monthly_gmv"": ""$300k"", ""avg_item_price"": ""$45""}","{""pinterest"": ""artisanhub"", ""instagram"": ""@artisanhubpdx""}","{""email"": ""sell@artisanhub.com"", ""phone"": ""+1-503-555-0122""}","{""new_seller_signups_monthly"": 100, ""buyer_conversion_rate"": ""8%""}","{""platform_development"": 0.5, ""seller_support_tools"": 0.3, ""marketing_to_buyers"": 0.2}","{""beta_marketplace_launch"": ""2021-10"", ""mobile_app_for_sellers"": ""2023-05"", ""series_a_prep"": ""2024-01""}"
DroneScan,AI-powered drone inspections,TECHNOLOGY,"Denver, CO",SERIES_A,4000000,2019,35,https://dronescan.ai,https://dronescan.ai/logo.png,https://dronescan.ai/pitch.pdf,SaaS for Inspection Data,Infrastructure Companies,SkySpecs,w2x3y4z5-a6b7-8901-5678-901234567822,78901234-5678-8901-34ab-cdef12345679,"[{""name"": ""Sarah Manning"", ""role"": ""CEO""}, {""name"": ""Cosima Niehaus"", ""role"": ""Chief AI Officer""}]","[{""amount"": 1200000, ""stage"": ""SEED"", ""date"": ""2020-08""}, {""amount"": 4000000, ""stage"": ""SERIES_A"", ""date"": ""2022-11""}]","{""inspections_completed"": 1000, ""data_processing_speed"": ""24hrs"", ""defect_detection_accuracy"": ""98%""}","{""linkedin"": ""dronescan-ai"", ""youtube"": ""DroneScanAI""}","{""email"": ""inspect@dronescan.ai"", ""phone"": ""+1-303-555-0123""}","{""new_enterprise_clients_qtr"": 5, ""recurring_revenue_growth"": ""20% QoQ""}","{""ai_algorithm_improvement"": 0.4, ""drone_fleet_management"": 0.3, ""b2b_client_acquisition"": 0.3}","{""initial_service_offering"": ""2019-12"", ""series_b_target_date"": ""2024-10"", ""expansion_to_energy_sector"": ""2023-08""}"
MindFulGym,Virtual reality fitness classes,HEALTHCARE,"San Diego, CA",SEED,1500000,2021,18,https://mindfulgym.vr,https://mindfulgym.vr/logo.png,https://mindfulgym.vr/pitch.pdf,Subscription to VR Content,VR Headset Owners,Supernatural,x3y4z5a6-b7c8-9012-6789-012345678933,89012345-6789-0123-45ab-cdef12345670,"[{""name"": ""Luke Skywalker"", ""role"": ""CEO""}, {""name"": ""Leia Organa"", ""role"": ""Head of Content & Wellness""}]","[{""amount"": 1500000, ""stage"": ""SEED"", ""date"": ""2022-05""}]","{""active_subscribers"": 20000, ""avg_workout_session_length"": ""35min"", ""content_library_size_hours"": 100}","{""instagram"": ""@mindfulgymvr"", ""discord"": ""MindfulGymVRCommunity""}","{""email"": ""getfit@mindfulgym.vr"", ""phone"": ""+1-619-555-0124""}","{""subscriber_growth_MoM"": ""25%"", ""user_retention_3month"": ""60%""}","{""vr_content_production"": 0.5, ""platform_development_multi_vr"": 0.3, ""community_building_marketing"": 0.2}","{""closed_beta_program"": ""2021-11"", ""public_launch_oculus_steam"": ""2022-03"", ""series_a_fundraising_q1_2024"": """"}"
CryptoSafe,Institutional crypto custody,FINANCE,"New York, NY",SERIES_B,25000000,2018,60,https://cryptosafe.com,https://cryptosafe.com/logo.png,https://cryptosafe.com/pitch.pdf,Custody Fees & Staking,Hedge Funds & Institutions,Coinbase Custody,y4z5a6b7-c8d9-0123-7890-123456789044,90123456-7890-1234-56ab-cdef12345671,"[{""name"": ""James Bond"", ""role"": ""CEO""}, {""name"": ""Q"", ""role"": ""Head of Security""}]","[{""amount"": 8000000, ""stage"": ""SERIES_A"", ""date"": ""2020-01""}, {""amount"": 25000000, ""stage"": ""SERIES_B"", ""date"": ""2022-07""}]","{""assets_under_custody_AUC"": ""$10B"", ""institutional_clients"": 50, ""security_incident_record"": ""Zero""}","{""linkedin"": ""cryptosafe-custody"", ""twitter"": ""@CryptoSafeCust""}","{""email"": ""custody@cryptosafe.com"", ""phone"": ""+1-212-555-0125""}","{""new_client_onboarding_quarterly"": 5, ""auc_growth_YoY"": ""100%""}","{""security_infrastructure_R&D"": 0.5, ""regulatory_licensing_global"": 0.3, ""institutional_sales_support"": 0.2}","{""soc2_type2_compliance"": ""2019-06"", ""expansion_to_asia_europe"": ""2023"", ""series_c_or_strategic_partnership"": ""2025""}"
LearnLangAI,AI-powered language tutor,EDUCATION,"London, UK",SEED,1200000,2021,15,https://learnlangai.com,https://learnlangai.com/logo.png,https://learnlangai.com/pitch.pdf,Subscription,Language Learners,Duolingo,z5a6b7c8-d9e0-1234-8901-234567890155,01234567-8901-2345-67ab-cdef12345672,"[{""name"": ""Hermione Granger"", ""role"": ""CEO""}, {""name"": ""Viktor Krum"", ""role"": ""Head of Linguistics & AI""}]","[{""amount"": 1200000, ""stage"": ""SEED"", ""date"": ""2022-10""}]","{""active_learners"": 50000, ""languages_offered"": 10, ""avg_fluency_improvement_3months"": ""25%""}","{""youtube"": ""LearnLangAI_Tutor"", ""instagram"": ""@LearnLangAI""}","{""email"": ""hello@learnlangai.com"", ""phone"": ""+44-20-7946-0126""}","{""monthly_subscriber_growth"": ""30%"", ""user_time_spent_daily"": ""20 mins""}","{""ai_tutoring_engine_dev"": 0.6, ""language_content_creation"": 0.25, ""user_acquisition_marketing"": 0.15}","{""beta_app_launch_ios_android"": ""2022-01"", ""official_launch_with_5_languages"": ""2022-06"", ""series_a_funding_q3_2024"": """"}"
EcoThreads,Sustainable fashion marketplace,RETAIL,"Amsterdam, NL",SERIES_A,2800000,2020,20,https://ecothreads.nl,https://ecothreads.nl/logo.png,https://ecothreads.nl/pitch.pdf,Commission & Brand Subscriptions,Ethical Consumers,Good On You,a6b7c8d9-e0f1-2345-9012-345678901266,12345678-9012-3456-78ab-cdef12345673,"[{""name"": ""Katniss Everdeen"", ""role"": ""CEO""}, {""name"": ""Peeta Mellark"", ""role"": ""Head of Brand Curation""}]","[{""amount"": 700000, ""stage"": ""SEED"", ""date"": ""2021-03""}, {""amount"": 2800000, ""stage"": ""SERIES_A"", ""date"": ""2023-04""}]","{""partner_brands_certified"": 200, ""monthly_active_shoppers"": 30000, ""avg_order_value_ethical"": ""€80""}","{""instagram"": ""@ecothreadsnl"", ""pinterest"": ""ecothreads""}","{""email"": ""support@ecothreads.nl"", ""phone"": ""+31-20-555-0127""}","{""new_brand_partnerships_monthly"": 10, ""customer_conversion_rate_from_discovery"": ""10%""}","{""platform_tech_ecom"": 0.4, ""brand_vetting_onboarding"": 0.3, ""consumer_marketing_awareness"": 0.3}","{""marketplace_launch_benelux"": ""2020-10"", ""expansion_to_dach_nordics"": ""2024"", ""b_corp_certification_goal"": ""2025""}"
PrecisionBuild,Modular construction components,MANUFACTURING,"Munich, DE",SERIES_B,12000000,2017,80,https://precisionbuild.de,https://precisionbuild.de/logo.png,https://precisionbuild.de/pitch.pdf,Component Sales & Design Services,Real Estate Developers,Katerra,b7c8d9e0-f1g2-3456-0123-456789012377,23456789-0123-4567-89ab-cdef12345674,"[{""name"": ""Optimus Prime"", ""role"": ""CEO""}, {""name"": ""Ironhide"", ""role"": ""Head of Production""}]","[{""amount"": 3000000, ""stage"": ""SERIES_A"", ""date"": ""2019-08""}, {""amount"": 12000000, ""stage"": ""SERIES_B"", ""date"": ""2022-06""}]","{""projects_completed_modular"": 100, ""construction_time_reduction_avg"": ""30%"", ""waste_reduction_per_project"": ""50%""}","{""linkedin"": ""precisionbuild-gmbh"", ""archdaily"": ""PrecisionBuild Projects""}","{""email"": ""info@precisionbuild.de"", ""phone"": ""+49-89-555-0128""}","{""new_developer_contracts_annual"": 20, ""production_capacity_increase_YoY"": ""40%""}","{""automated_manufacturing_R&D"": 0.5, ""supply_chain_optimization_logistics"": 0.3, ""b2b_sales_project_management"": 0.2}","{""first_pilot_project_housing"": ""2018-05"", ""new_factory_opening_poland"": ""2023-12"", ""ipo_consideration_2027"": """"}"
CivicEngage,Platform for local government transparency,OTHER,"Washington D.C.",SEED,900000,2020,14,https://civicengage.us,https://civicengage.us/logo.png,https://civicengage.us/pitch.pdf,SaaS for Municipalities,City & County Governments,OpenGov,c8d9e0f1-g2h3-4567-1234-567890123488,34567890-1234-5678-90ab-cdef12345675,"[{""name"": ""Captain America"", ""role"": ""CEO""}, {""name"": ""Nick Fury"", ""role"": ""Director of Gov Relations""}]","[{""amount"": 900000, ""stage"": ""SEED"", ""date"": ""2021-09""}]","{""municipalities_using_platform"": 75, ""citizen_engagement_features"": 10, ""data_accessibility_score"": ""A+""}","{""twitter"": ""@CivicEngageUS"", ""govtech_review"": ""CivicEngage Profile""}","{""email"": ""connect@civicengage.us"", ""phone"": ""+1-202-555-0129""}","{""new_city_signups_monthly"": 5, ""citizen_portal_traffic_MoM"": ""20%""}","{""platform_development_security"": 0.6, ""gov_sales_onboarding_training"": 0.3, ""community_outreach_citizen_adoption"": 0.1}","{""beta_launch_with_3_cities"": ""2020-11"", ""state_level_expansion_pilot"": ""2023-08"", ""series_a_target_q2_2024"": """"}"
